{
  "5742454915": {
    "balance": 15,
    "last_claim": 1744308874.546818,
    "deposits": [
      {
        "amount": 5000,
        "time": 1742184874.546818
      },
      {
        "amount": 3000,
        "time": 1743480874.546818
      }
    ],
    "withdraw_requests": [
      {
        "amount": 1000,
        "status": "success",
        "time": 1744085674.546818
      }
    ],
    "mining_logs": [
      {
        "amount": 0.5,
        "time": 1744312474.546818
      },
      {
        "amount": 0.5,
        "time": 1744280074.546818
      }
    ]
  }
}